pressure,temperature,redaoexperimentalvalue,redaoarticle title,redaodoi
2,275.15,0.19356,Thermal Conductivity of Four Polyatomic Gases,10.1039/F19817700697
2.5,275.65,0.19372,Thermal Conductivity of Four Polyatomic Gases,10.1039/F19817700697
3.13,276.28,0.19429,Thermal Conductivity of Four Polyatomic Gases,10.1039/F19817700697
3.64,276.79,0.1945,Thermal Conductivity of Four Polyatomic Gases,10.1039/F19817700697
4.35,277.5,0.19511,Thermal Conductivity of Four Polyatomic Gases,10.1039/F19817700697
5.02,278.17,0.19528,Thermal Conductivity of Four Polyatomic Gases,10.1039/F19817700697
5.79,278.94,0.19597,Thermal Conductivity of Four Polyatomic Gases,10.1039/F19817700697
6.51,279.66,0.19667,Thermal Conductivity of Four Polyatomic Gases,10.1039/F19817700697
7.2,280.35,0.19694,Thermal Conductivity of Four Polyatomic Gases,10.1039/F19817700697
7.73,280.88,0.19749,Thermal Conductivity of Four Polyatomic Gases,10.1039/F19817700697
8.4,281.55,0.19774,Thermal Conductivity of Four Polyatomic Gases,10.1039/F19817700697
9.17,282.32,0.19825,Thermal Conductivity of Four Polyatomic Gases,10.1039/F19817700697
0.267,323.2,0.1973,Measurements of Hydrogen Thermal Conductivity at High Pressure and High Temperature,10.1007/s10765-011-1052-5
0.266,323.2,0.1971,Measurements of Hydrogen Thermal Conductivity at High Pressure and High Temperature,10.1007/s10765-011-1052-5
5.188,323.2,0.2031,Measurements of Hydrogen Thermal Conductivity at High Pressure and High Temperature,10.1007/s10765-011-1052-5
5.19,323.2,0.2031,Measurements of Hydrogen Thermal Conductivity at High Pressure and High Temperature,10.1007/s10765-011-1052-5
5.193,323.19,0.2032,Measurements of Hydrogen Thermal Conductivity at High Pressure and High Temperature,10.1007/s10765-011-1052-5
5.191,323.19,0.2032,Measurements of Hydrogen Thermal Conductivity at High Pressure and High Temperature,10.1007/s10765-011-1052-5
5.186,323.2,0.2029,Measurements of Hydrogen Thermal Conductivity at High Pressure and High Temperature,10.1007/s10765-011-1052-5
10.1,323.19,0.2065,Measurements of Hydrogen Thermal Conductivity at High Pressure and High Temperature,10.1007/s10765-011-1052-5
10.095,323.2,0.2065,Measurements of Hydrogen Thermal Conductivity at High Pressure and High Temperature,10.1007/s10765-011-1052-5
10.094,323.2,0.2067,Measurements of Hydrogen Thermal Conductivity at High Pressure and High Temperature,10.1007/s10765-011-1052-5
10.087,323.2,0.2067,Measurements of Hydrogen Thermal Conductivity at High Pressure and High Temperature,10.1007/s10765-011-1052-5
10.084,323.2,0.2067,Measurements of Hydrogen Thermal Conductivity at High Pressure and High Temperature,10.1007/s10765-011-1052-5
19.987,323.2,0.2147,Measurements of Hydrogen Thermal Conductivity at High Pressure and High Temperature,10.1007/s10765-011-1052-5
19.998,323.2,0.2146,Measurements of Hydrogen Thermal Conductivity at High Pressure and High Temperature,10.1007/s10765-011-1052-5
20,323.2,0.2142,Measurements of Hydrogen Thermal Conductivity at High Pressure and High Temperature,10.1007/s10765-011-1052-5
19.989,323.2,0.2142,Measurements of Hydrogen Thermal Conductivity at High Pressure and High Temperature,10.1007/s10765-011-1052-5
19.98,323.21,0.2147,Measurements of Hydrogen Thermal Conductivity at High Pressure and High Temperature,10.1007/s10765-011-1052-5
40.02,323.2,0.2313,Measurements of Hydrogen Thermal Conductivity at High Pressure and High Temperature,10.1007/s10765-011-1052-5
40.011,323.2,0.2308,Measurements of Hydrogen Thermal Conductivity at High Pressure and High Temperature,10.1007/s10765-011-1052-5
39.993,323.2,0.2306,Measurements of Hydrogen Thermal Conductivity at High Pressure and High Temperature,10.1007/s10765-011-1052-5
39.984,323.2,0.2311,Measurements of Hydrogen Thermal Conductivity at High Pressure and High Temperature,10.1007/s10765-011-1052-5
40.006,323.2,0.2312,Measurements of Hydrogen Thermal Conductivity at High Pressure and High Temperature,10.1007/s10765-011-1052-5
59.985,323.2,0.2488,Measurements of Hydrogen Thermal Conductivity at High Pressure and High Temperature,10.1007/s10765-011-1052-5
59.986,323.2,0.2482,Measurements of Hydrogen Thermal Conductivity at High Pressure and High Temperature,10.1007/s10765-011-1052-5
59.968,323.2,0.2483,Measurements of Hydrogen Thermal Conductivity at High Pressure and High Temperature,10.1007/s10765-011-1052-5
59.948,323.2,0.2488,Measurements of Hydrogen Thermal Conductivity at High Pressure and High Temperature,10.1007/s10765-011-1052-5
59.935,323.2,0.2488,Measurements of Hydrogen Thermal Conductivity at High Pressure and High Temperature,10.1007/s10765-011-1052-5
80.034,323.2,0.2657,Measurements of Hydrogen Thermal Conductivity at High Pressure and High Temperature,10.1007/s10765-011-1052-5
80.012,323.2,0.2648,Measurements of Hydrogen Thermal Conductivity at High Pressure and High Temperature,10.1007/s10765-011-1052-5
79.984,323.2,0.2654,Measurements of Hydrogen Thermal Conductivity at High Pressure and High Temperature,10.1007/s10765-011-1052-5
79.963,323.2,0.2659,Measurements of Hydrogen Thermal Conductivity at High Pressure and High Temperature,10.1007/s10765-011-1052-5
80.001,323.2,0.2659,Measurements of Hydrogen Thermal Conductivity at High Pressure and High Temperature,10.1007/s10765-011-1052-5
97.745,323.2,0.2813,Measurements of Hydrogen Thermal Conductivity at High Pressure and High Temperature,10.1007/s10765-011-1052-5
97.707,323.2,0.2804,Measurements of Hydrogen Thermal Conductivity at High Pressure and High Temperature,10.1007/s10765-011-1052-5
97.716,323.2,0.282,Measurements of Hydrogen Thermal Conductivity at High Pressure and High Temperature,10.1007/s10765-011-1052-5
97.753,323.2,0.2816,Measurements of Hydrogen Thermal Conductivity at High Pressure and High Temperature,10.1007/s10765-011-1052-5
97.762,323.2,0.2814,Measurements of Hydrogen Thermal Conductivity at High Pressure and High Temperature,10.1007/s10765-011-1052-5
0.599,373.23,0.2224,Measurements of Hydrogen Thermal Conductivity at High Pressure and High Temperature,10.1007/s10765-011-1052-5
0.599,373.22,0.2225,Measurements of Hydrogen Thermal Conductivity at High Pressure and High Temperature,10.1007/s10765-011-1052-5
0.598,373.22,0.2223,Measurements of Hydrogen Thermal Conductivity at High Pressure and High Temperature,10.1007/s10765-011-1052-5
0.598,373.22,0.2224,Measurements of Hydrogen Thermal Conductivity at High Pressure and High Temperature,10.1007/s10765-011-1052-5
5.171,373.23,0.2262,Measurements of Hydrogen Thermal Conductivity at High Pressure and High Temperature,10.1007/s10765-011-1052-5
5.17,373.22,0.2262,Measurements of Hydrogen Thermal Conductivity at High Pressure and High Temperature,10.1007/s10765-011-1052-5
5.17,373.22,0.226,Measurements of Hydrogen Thermal Conductivity at High Pressure and High Temperature,10.1007/s10765-011-1052-5
5.17,373.22,0.2261,Measurements of Hydrogen Thermal Conductivity at High Pressure and High Temperature,10.1007/s10765-011-1052-5
10.219,373.23,0.2296,Measurements of Hydrogen Thermal Conductivity at High Pressure and High Temperature,10.1007/s10765-011-1052-5
10.219,373.23,0.2295,Measurements of Hydrogen Thermal Conductivity at High Pressure and High Temperature,10.1007/s10765-011-1052-5
10.219,373.23,0.2296,Measurements of Hydrogen Thermal Conductivity at High Pressure and High Temperature,10.1007/s10765-011-1052-5
10.219,373.23,0.2298,Measurements of Hydrogen Thermal Conductivity at High Pressure and High Temperature,10.1007/s10765-011-1052-5
30.119,373.23,0.2438,Measurements of Hydrogen Thermal Conductivity at High Pressure and High Temperature,10.1007/s10765-011-1052-5
30.12,373.23,0.2437,Measurements of Hydrogen Thermal Conductivity at High Pressure and High Temperature,10.1007/s10765-011-1052-5
30.12,373.23,0.2433,Measurements of Hydrogen Thermal Conductivity at High Pressure and High Temperature,10.1007/s10765-011-1052-5
30.122,373.23,0.2432,Measurements of Hydrogen Thermal Conductivity at High Pressure and High Temperature,10.1007/s10765-011-1052-5
50.144,373.23,0.2589,Measurements of Hydrogen Thermal Conductivity at High Pressure and High Temperature,10.1007/s10765-011-1052-5
50.144,373.23,0.2588,Measurements of Hydrogen Thermal Conductivity at High Pressure and High Temperature,10.1007/s10765-011-1052-5
50.144,373.23,0.2589,Measurements of Hydrogen Thermal Conductivity at High Pressure and High Temperature,10.1007/s10765-011-1052-5
70.084,373.23,0.2757,Measurements of Hydrogen Thermal Conductivity at High Pressure and High Temperature,10.1007/s10765-011-1052-5
70.084,373.22,0.2758,Measurements of Hydrogen Thermal Conductivity at High Pressure and High Temperature,10.1007/s10765-011-1052-5
70.086,373.22,0.2758,Measurements of Hydrogen Thermal Conductivity at High Pressure and High Temperature,10.1007/s10765-011-1052-5
98.197,373.22,0.2988,Measurements of Hydrogen Thermal Conductivity at High Pressure and High Temperature,10.1007/s10765-011-1052-5
98.193,373.22,0.2983,Measurements of Hydrogen Thermal Conductivity at High Pressure and High Temperature,10.1007/s10765-011-1052-5
98.19,373.23,0.2987,Measurements of Hydrogen Thermal Conductivity at High Pressure and High Temperature,10.1007/s10765-011-1052-5
98.187,373.22,0.2983,Measurements of Hydrogen Thermal Conductivity at High Pressure and High Temperature,10.1007/s10765-011-1052-5
0.4,423.27,0.2421,Measurements of Hydrogen Thermal Conductivity at High Pressure and High Temperature,10.1007/s10765-011-1052-5
0.402,423.27,0.2431,Measurements of Hydrogen Thermal Conductivity at High Pressure and High Temperature,10.1007/s10765-011-1052-5
0.403,423.26,0.2426,Measurements of Hydrogen Thermal Conductivity at High Pressure and High Temperature,10.1007/s10765-011-1052-5
0.404,423.26,0.2418,Measurements of Hydrogen Thermal Conductivity at High Pressure and High Temperature,10.1007/s10765-011-1052-5
5.113,423.26,0.2477,Measurements of Hydrogen Thermal Conductivity at High Pressure and High Temperature,10.1007/s10765-011-1052-5
5.114,423.26,0.2476,Measurements of Hydrogen Thermal Conductivity at High Pressure and High Temperature,10.1007/s10765-011-1052-5
5.114,423.25,0.2475,Measurements of Hydrogen Thermal Conductivity at High Pressure and High Temperature,10.1007/s10765-011-1052-5
10.104,423.26,0.2499,Measurements of Hydrogen Thermal Conductivity at High Pressure and High Temperature,10.1007/s10765-011-1052-5
10.105,423.25,0.2494,Measurements of Hydrogen Thermal Conductivity at High Pressure and High Temperature,10.1007/s10765-011-1052-5
10.105,423.25,0.2502,Measurements of Hydrogen Thermal Conductivity at High Pressure and High Temperature,10.1007/s10765-011-1052-5
30.087,423.25,0.262,Measurements of Hydrogen Thermal Conductivity at High Pressure and High Temperature,10.1007/s10765-011-1052-5
30.087,423.25,0.2619,Measurements of Hydrogen Thermal Conductivity at High Pressure and High Temperature,10.1007/s10765-011-1052-5
30.087,423.25,0.2615,Measurements of Hydrogen Thermal Conductivity at High Pressure and High Temperature,10.1007/s10765-011-1052-5
50.1,423.26,0.2771,Measurements of Hydrogen Thermal Conductivity at High Pressure and High Temperature,10.1007/s10765-011-1052-5
50.1,423.26,0.2762,Measurements of Hydrogen Thermal Conductivity at High Pressure and High Temperature,10.1007/s10765-011-1052-5
50.102,423.25,0.2764,Measurements of Hydrogen Thermal Conductivity at High Pressure and High Temperature,10.1007/s10765-011-1052-5
70.147,423.25,0.2939,Measurements of Hydrogen Thermal Conductivity at High Pressure and High Temperature,10.1007/s10765-011-1052-5
70.15,423.25,0.2927,Measurements of Hydrogen Thermal Conductivity at High Pressure and High Temperature,10.1007/s10765-011-1052-5
70.155,423.25,0.2923,Measurements of Hydrogen Thermal Conductivity at High Pressure and High Temperature,10.1007/s10765-011-1052-5
96.975,423.25,0.314,Measurements of Hydrogen Thermal Conductivity at High Pressure and High Temperature,10.1007/s10765-011-1052-5
96.978,423.25,0.3137,Measurements of Hydrogen Thermal Conductivity at High Pressure and High Temperature,10.1007/s10765-011-1052-5
96.98,423.25,0.3142,Measurements of Hydrogen Thermal Conductivity at High Pressure and High Temperature,10.1007/s10765-011-1052-5
0.365,573.28,0.2934,Measurements of Hydrogen Thermal Conductivity at High Pressure and High Temperature,10.1007/s10765-011-1052-5
0.367,573.28,0.2929,Measurements of Hydrogen Thermal Conductivity at High Pressure and High Temperature,10.1007/s10765-011-1052-5
0.369,573.28,0.2931,Measurements of Hydrogen Thermal Conductivity at High Pressure and High Temperature,10.1007/s10765-011-1052-5
5.202,573.27,0.3043,Measurements of Hydrogen Thermal Conductivity at High Pressure and High Temperature,10.1007/s10765-011-1052-5
5.202,573.27,0.3057,Measurements of Hydrogen Thermal Conductivity at High Pressure and High Temperature,10.1007/s10765-011-1052-5
5.202,573.27,0.3047,Measurements of Hydrogen Thermal Conductivity at High Pressure and High Temperature,10.1007/s10765-011-1052-5
10.155,573.27,0.3066,Measurements of Hydrogen Thermal Conductivity at High Pressure and High Temperature,10.1007/s10765-011-1052-5
10.155,573.27,0.3072,Measurements of Hydrogen Thermal Conductivity at High Pressure and High Temperature,10.1007/s10765-011-1052-5
10.156,573.27,0.3066,Measurements of Hydrogen Thermal Conductivity at High Pressure and High Temperature,10.1007/s10765-011-1052-5
30.167,573.27,0.3171,Measurements of Hydrogen Thermal Conductivity at High Pressure and High Temperature,10.1007/s10765-011-1052-5
30.167,573.27,0.3173,Measurements of Hydrogen Thermal Conductivity at High Pressure and High Temperature,10.1007/s10765-011-1052-5
30.167,573.27,0.3175,Measurements of Hydrogen Thermal Conductivity at High Pressure and High Temperature,10.1007/s10765-011-1052-5
50.208,573.26,0.3253,Measurements of Hydrogen Thermal Conductivity at High Pressure and High Temperature,10.1007/s10765-011-1052-5
50.204,573.27,0.3274,Measurements of Hydrogen Thermal Conductivity at High Pressure and High Temperature,10.1007/s10765-011-1052-5
50.202,573.26,0.3283,Measurements of Hydrogen Thermal Conductivity at High Pressure and High Temperature,10.1007/s10765-011-1052-5
70.114,573.27,0.3387,Measurements of Hydrogen Thermal Conductivity at High Pressure and High Temperature,10.1007/s10765-011-1052-5
70.106,573.27,0.3381,Measurements of Hydrogen Thermal Conductivity at High Pressure and High Temperature,10.1007/s10765-011-1052-5
70.099,573.27,0.3376,Measurements of Hydrogen Thermal Conductivity at High Pressure and High Temperature,10.1007/s10765-011-1052-5
97.001,573.26,0.3548,Measurements of Hydrogen Thermal Conductivity at High Pressure and High Temperature,10.1007/s10765-011-1052-5
96.99,573.26,0.3549,Measurements of Hydrogen Thermal Conductivity at High Pressure and High Temperature,10.1007/s10765-011-1052-5
96.979,573.26,0.356,Measurements of Hydrogen Thermal Conductivity at High Pressure and High Temperature,10.1007/s10765-011-1052-5
0.407,473.28,0.2609,Measurements of Hydrogen Thermal Conductivity at High Pressure and High Temperature,10.1007/s10765-011-1052-5
0.408,473.29,0.2613,Measurements of Hydrogen Thermal Conductivity at High Pressure and High Temperature,10.1007/s10765-011-1052-5
0.408,473.28,0.261,Measurements of Hydrogen Thermal Conductivity at High Pressure and High Temperature,10.1007/s10765-011-1052-5
0.409,473.28,0.2611,Measurements of Hydrogen Thermal Conductivity at High Pressure and High Temperature,10.1007/s10765-011-1052-5
5.166,473.28,0.2673,Measurements of Hydrogen Thermal Conductivity at High Pressure and High Temperature,10.1007/s10765-011-1052-5
5.167,473.28,0.267,Measurements of Hydrogen Thermal Conductivity at High Pressure and High Temperature,10.1007/s10765-011-1052-5
5.167,473.28,0.2671,Measurements of Hydrogen Thermal Conductivity at High Pressure and High Temperature,10.1007/s10765-011-1052-5
10.065,473.27,0.2681,Measurements of Hydrogen Thermal Conductivity at High Pressure and High Temperature,10.1007/s10765-011-1052-5
10.065,473.27,0.2687,Measurements of Hydrogen Thermal Conductivity at High Pressure and High Temperature,10.1007/s10765-011-1052-5
10.065,473.28,0.2691,Measurements of Hydrogen Thermal Conductivity at High Pressure and High Temperature,10.1007/s10765-011-1052-5
30.123,473.27,0.2799,Measurements of Hydrogen Thermal Conductivity at High Pressure and High Temperature,10.1007/s10765-011-1052-5
30.124,473.27,0.28,Measurements of Hydrogen Thermal Conductivity at High Pressure and High Temperature,10.1007/s10765-011-1052-5
30.124,473.27,0.2803,Measurements of Hydrogen Thermal Conductivity at High Pressure and High Temperature,10.1007/s10765-011-1052-5
50.176,473.28,0.294,Measurements of Hydrogen Thermal Conductivity at High Pressure and High Temperature,10.1007/s10765-011-1052-5
50.178,473.28,0.2937,Measurements of Hydrogen Thermal Conductivity at High Pressure and High Temperature,10.1007/s10765-011-1052-5
50.179,473.28,0.292,Measurements of Hydrogen Thermal Conductivity at High Pressure and High Temperature,10.1007/s10765-011-1052-5
70.155,473.27,0.3079,Measurements of Hydrogen Thermal Conductivity at High Pressure and High Temperature,10.1007/s10765-011-1052-5
70.156,473.27,0.3088,Measurements of Hydrogen Thermal Conductivity at High Pressure and High Temperature,10.1007/s10765-011-1052-5
70.16,473.27,0.3069,Measurements of Hydrogen Thermal Conductivity at High Pressure and High Temperature,10.1007/s10765-011-1052-5
97.46,473.27,0.3282,Measurements of Hydrogen Thermal Conductivity at High Pressure and High Temperature,10.1007/s10765-011-1052-5
97.459,473.27,0.3262,Measurements of Hydrogen Thermal Conductivity at High Pressure and High Temperature,10.1007/s10765-011-1052-5
97.457,473.27,0.3277,Measurements of Hydrogen Thermal Conductivity at High Pressure and High Temperature,10.1007/s10765-011-1052-5
0.304,672.89,0.3296,Measurements of Hydrogen Thermal Conductivity at High Pressure and High Temperature,10.1007/s10765-011-1052-5
0.304,672.89,0.329,Measurements of Hydrogen Thermal Conductivity at High Pressure and High Temperature,10.1007/s10765-011-1052-5
0.305,672.89,0.329,Measurements of Hydrogen Thermal Conductivity at High Pressure and High Temperature,10.1007/s10765-011-1052-5
0.306,672.89,0.3287,Measurements of Hydrogen Thermal Conductivity at High Pressure and High Temperature,10.1007/s10765-011-1052-5
5.147,672.88,0.343,Measurements of Hydrogen Thermal Conductivity at High Pressure and High Temperature,10.1007/s10765-011-1052-5
5.143,672.88,0.3429,Measurements of Hydrogen Thermal Conductivity at High Pressure and High Temperature,10.1007/s10765-011-1052-5
5.14,672.88,0.344,Measurements of Hydrogen Thermal Conductivity at High Pressure and High Temperature,10.1007/s10765-011-1052-5
5.137,672.88,0.342,Measurements of Hydrogen Thermal Conductivity at High Pressure and High Temperature,10.1007/s10765-011-1052-5
10.061,672.88,0.3445,Measurements of Hydrogen Thermal Conductivity at High Pressure and High Temperature,10.1007/s10765-011-1052-5
10.06,672.88,0.3456,Measurements of Hydrogen Thermal Conductivity at High Pressure and High Temperature,10.1007/s10765-011-1052-5
10.059,672.88,0.3459,Measurements of Hydrogen Thermal Conductivity at High Pressure and High Temperature,10.1007/s10765-011-1052-5
30.074,672.87,0.3514,Measurements of Hydrogen Thermal Conductivity at High Pressure and High Temperature,10.1007/s10765-011-1052-5
30.063,672.87,0.3522,Measurements of Hydrogen Thermal Conductivity at High Pressure and High Temperature,10.1007/s10765-011-1052-5
30.056,672.87,0.3514,Measurements of Hydrogen Thermal Conductivity at High Pressure and High Temperature,10.1007/s10765-011-1052-5
50.118,672.87,0.3625,Measurements of Hydrogen Thermal Conductivity at High Pressure and High Temperature,10.1007/s10765-011-1052-5
50.107,672.88,0.3616,Measurements of Hydrogen Thermal Conductivity at High Pressure and High Temperature,10.1007/s10765-011-1052-5
50.096,672.87,0.36,Measurements of Hydrogen Thermal Conductivity at High Pressure and High Temperature,10.1007/s10765-011-1052-5
70.044,672.88,0.3699,Measurements of Hydrogen Thermal Conductivity at High Pressure and High Temperature,10.1007/s10765-011-1052-5
70.03,672.88,0.3711,Measurements of Hydrogen Thermal Conductivity at High Pressure and High Temperature,10.1007/s10765-011-1052-5
70.012,672.88,0.3693,Measurements of Hydrogen Thermal Conductivity at High Pressure and High Temperature,10.1007/s10765-011-1052-5
98.109,672.87,0.3873,Measurements of Hydrogen Thermal Conductivity at High Pressure and High Temperature,10.1007/s10765-011-1052-5
98.074,672.87,0.3853,Measurements of Hydrogen Thermal Conductivity at High Pressure and High Temperature,10.1007/s10765-011-1052-5
98.041,672.87,0.3854,Measurements of Hydrogen Thermal Conductivity at High Pressure and High Temperature,10.1007/s10765-011-1052-5
4.315,373.23,0.2265,Measurements of Hydrogen Thermal Conductivity at High Pressure and High Temperature,10.1007/s10765-011-1052-5
4.316,373.23,0.2258,Measurements of Hydrogen Thermal Conductivity at High Pressure and High Temperature,10.1007/s10765-011-1052-5
4.316,373.23,0.2256,Measurements of Hydrogen Thermal Conductivity at High Pressure and High Temperature,10.1007/s10765-011-1052-5
10.127,373.23,0.2291,Measurements of Hydrogen Thermal Conductivity at High Pressure and High Temperature,10.1007/s10765-011-1052-5
10.126,373.24,0.2296,Measurements of Hydrogen Thermal Conductivity at High Pressure and High Temperature,10.1007/s10765-011-1052-5
10.126,373.23,0.2289,Measurements of Hydrogen Thermal Conductivity at High Pressure and High Temperature,10.1007/s10765-011-1052-5
30.053,373.23,0.2422,Measurements of Hydrogen Thermal Conductivity at High Pressure and High Temperature,10.1007/s10765-011-1052-5
30.052,373.23,0.2428,Measurements of Hydrogen Thermal Conductivity at High Pressure and High Temperature,10.1007/s10765-011-1052-5
30.052,373.23,0.2427,Measurements of Hydrogen Thermal Conductivity at High Pressure and High Temperature,10.1007/s10765-011-1052-5
49.936,373.23,0.2599,Measurements of Hydrogen Thermal Conductivity at High Pressure and High Temperature,10.1007/s10765-011-1052-5
49.936,373.23,0.2582,Measurements of Hydrogen Thermal Conductivity at High Pressure and High Temperature,10.1007/s10765-011-1052-5
49.936,373.23,0.2587,Measurements of Hydrogen Thermal Conductivity at High Pressure and High Temperature,10.1007/s10765-011-1052-5
69.998,373.23,0.2753,Measurements of Hydrogen Thermal Conductivity at High Pressure and High Temperature,10.1007/s10765-011-1052-5
69.997,373.23,0.2756,Measurements of Hydrogen Thermal Conductivity at High Pressure and High Temperature,10.1007/s10765-011-1052-5
69.998,373.23,0.2751,Measurements of Hydrogen Thermal Conductivity at High Pressure and High Temperature,10.1007/s10765-011-1052-5
97.555,373.23,0.3001,Measurements of Hydrogen Thermal Conductivity at High Pressure and High Temperature,10.1007/s10765-011-1052-5
97.558,373.23,0.2995,Measurements of Hydrogen Thermal Conductivity at High Pressure and High Temperature,10.1007/s10765-011-1052-5
97.56,373.23,0.2989,Measurements of Hydrogen Thermal Conductivity at High Pressure and High Temperature,10.1007/s10765-011-1052-5
0.378,771.92,0.3679,Measurements of Hydrogen Thermal Conductivity at High Pressure and High Temperature,10.1007/s10765-011-1052-5
0.381,771.92,0.3675,Measurements of Hydrogen Thermal Conductivity at High Pressure and High Temperature,10.1007/s10765-011-1052-5
0.383,771.92,0.3671,Measurements of Hydrogen Thermal Conductivity at High Pressure and High Temperature,10.1007/s10765-011-1052-5
0.386,771.92,0.3678,Measurements of Hydrogen Thermal Conductivity at High Pressure and High Temperature,10.1007/s10765-011-1052-5
5.144,771.91,0.3835,Measurements of Hydrogen Thermal Conductivity at High Pressure and High Temperature,10.1007/s10765-011-1052-5
5.14,771.92,0.3835,Measurements of Hydrogen Thermal Conductivity at High Pressure and High Temperature,10.1007/s10765-011-1052-5
5.136,771.92,0.3832,Measurements of Hydrogen Thermal Conductivity at High Pressure and High Temperature,10.1007/s10765-011-1052-5
10.109,771.91,0.3825,Measurements of Hydrogen Thermal Conductivity at High Pressure and High Temperature,10.1007/s10765-011-1052-5
10.1,771.91,0.3836,Measurements of Hydrogen Thermal Conductivity at High Pressure and High Temperature,10.1007/s10765-011-1052-5
10.092,771.91,0.3825,Measurements of Hydrogen Thermal Conductivity at High Pressure and High Temperature,10.1007/s10765-011-1052-5
10.086,771.91,0.3838,Measurements of Hydrogen Thermal Conductivity at High Pressure and High Temperature,10.1007/s10765-011-1052-5
30.058,771.9,0.39,Measurements of Hydrogen Thermal Conductivity at High Pressure and High Temperature,10.1007/s10765-011-1052-5
30.036,771.9,0.3906,Measurements of Hydrogen Thermal Conductivity at High Pressure and High Temperature,10.1007/s10765-011-1052-5
30.014,771.9,0.3888,Measurements of Hydrogen Thermal Conductivity at High Pressure and High Temperature,10.1007/s10765-011-1052-5
29.994,771.9,0.3905,Measurements of Hydrogen Thermal Conductivity at High Pressure and High Temperature,10.1007/s10765-011-1052-5
49.932,771.9,0.3973,Measurements of Hydrogen Thermal Conductivity at High Pressure and High Temperature,10.1007/s10765-011-1052-5
49.904,771.9,0.3973,Measurements of Hydrogen Thermal Conductivity at High Pressure and High Temperature,10.1007/s10765-011-1052-5
49.879,771.91,0.3964,Measurements of Hydrogen Thermal Conductivity at High Pressure and High Temperature,10.1007/s10765-011-1052-5
70.52,771.91,0.4053,Measurements of Hydrogen Thermal Conductivity at High Pressure and High Temperature,10.1007/s10765-011-1052-5
70.484,771.9,0.4065,Measurements of Hydrogen Thermal Conductivity at High Pressure and High Temperature,10.1007/s10765-011-1052-5
70.444,771.9,0.4037,Measurements of Hydrogen Thermal Conductivity at High Pressure and High Temperature,10.1007/s10765-011-1052-5
70.405,771.9,0.408,Measurements of Hydrogen Thermal Conductivity at High Pressure and High Temperature,10.1007/s10765-011-1052-5
99.205,771.9,0.4188,Measurements of Hydrogen Thermal Conductivity at High Pressure and High Temperature,10.1007/s10765-011-1052-5
99.143,771.9,0.4168,Measurements of Hydrogen Thermal Conductivity at High Pressure and High Temperature,10.1007/s10765-011-1052-5
99.008,771.9,0.417,Measurements of Hydrogen Thermal Conductivity at High Pressure and High Temperature,10.1007/s10765-011-1052-5
98.954,771.9,0.4176,Measurements of Hydrogen Thermal Conductivity at High Pressure and High Temperature,10.1007/s10765-011-1052-5
2.49,307.8,0.1962,Absolute Measurement of The Thermal Conductivity of Helium and Hydrogrn,10.1016/0378-4371(87)90271-8
2.84,307.87,0.1954,Absolute Measurement of The Thermal Conductivity of Helium and Hydrogrn,10.1016/0378-4371(87)90271-8
3.19,307.86,0.1959,Absolute Measurement of The Thermal Conductivity of Helium and Hydrogrn,10.1016/0378-4371(87)90271-8
3.54,307.97,0.1956,Absolute Measurement of The Thermal Conductivity of Helium and Hydrogrn,10.1016/0378-4371(87)90271-8
3.93,307.94,0.196,Absolute Measurement of The Thermal Conductivity of Helium and Hydrogrn,10.1016/0378-4371(87)90271-8
4.33,308.04,0.1968,Absolute Measurement of The Thermal Conductivity of Helium and Hydrogrn,10.1016/0378-4371(87)90271-8
4.73,307.98,0.1967,Absolute Measurement of The Thermal Conductivity of Helium and Hydrogrn,10.1016/0378-4371(87)90271-8
4.91,307.89,0.1966,Absolute Measurement of The Thermal Conductivity of Helium and Hydrogrn,10.1016/0378-4371(87)90271-8
5.29,308,0.1968,Absolute Measurement of The Thermal Conductivity of Helium and Hydrogrn,10.1016/0378-4371(87)90271-8
6.96,307.96,0.1981,Absolute Measurement of The Thermal Conductivity of Helium and Hydrogrn,10.1016/0378-4371(87)90271-8
7.93,307.92,0.1989,Absolute Measurement of The Thermal Conductivity of Helium and Hydrogrn,10.1016/0378-4371(87)90271-8
8.46,308.06,0.1992,Absolute Measurement of The Thermal Conductivity of Helium and Hydrogrn,10.1016/0378-4371(87)90271-8
9.03,308.03,0.1998,Absolute Measurement of The Thermal Conductivity of Helium and Hydrogrn,10.1016/0378-4371(87)90271-8
9.4,308.07,0.2003,Absolute Measurement of The Thermal Conductivity of Helium and Hydrogrn,10.1016/0378-4371(87)90271-8
1.98,337.61,0.2098,Absolute Measurement of The Thermal Conductivity of Helium and Hydrogrn,10.1016/0378-4371(87)90271-8
2.18,337.61,0.2112,Absolute Measurement of The Thermal Conductivity of Helium and Hydrogrn,10.1016/0378-4371(87)90271-8
2.53,337.55,0.2107,Absolute Measurement of The Thermal Conductivity of Helium and Hydrogrn,10.1016/0378-4371(87)90271-8
2.85,337.58,0.2101,Absolute Measurement of The Thermal Conductivity of Helium and Hydrogrn,10.1016/0378-4371(87)90271-8
3.26,337.51,0.2102,Absolute Measurement of The Thermal Conductivity of Helium and Hydrogrn,10.1016/0378-4371(87)90271-8
3.52,337.51,0.2106,Absolute Measurement of The Thermal Conductivity of Helium and Hydrogrn,10.1016/0378-4371(87)90271-8
3.84,337.57,0.2108,Absolute Measurement of The Thermal Conductivity of Helium and Hydrogrn,10.1016/0378-4371(87)90271-8
4.2,337.55,0.2109,Absolute Measurement of The Thermal Conductivity of Helium and Hydrogrn,10.1016/0378-4371(87)90271-8
5.2,337.55,0.2124,Absolute Measurement of The Thermal Conductivity of Helium and Hydrogrn,10.1016/0378-4371(87)90271-8
5.63,337.54,0.2123,Absolute Measurement of The Thermal Conductivity of Helium and Hydrogrn,10.1016/0378-4371(87)90271-8
5.95,337.53,0.2125,Absolute Measurement of The Thermal Conductivity of Helium and Hydrogrn,10.1016/0378-4371(87)90271-8
7.7,337.53,0.2131,Absolute Measurement of The Thermal Conductivity of Helium and Hydrogrn,10.1016/0378-4371(87)90271-8
8.2,337.29,0.2134,Absolute Measurement of The Thermal Conductivity of Helium and Hydrogrn,10.1016/0378-4371(87)90271-8
8.65,337.5,0.2136,Absolute Measurement of The Thermal Conductivity of Helium and Hydrogrn,10.1016/0378-4371(87)90271-8
3.13,379.83,0.2281,Absolute Measurement of The Thermal Conductivity of Helium and Hydrogrn,10.1016/0378-4371(87)90271-8
3.67,379.9,0.2286,Absolute Measurement of The Thermal Conductivity of Helium and Hydrogrn,10.1016/0378-4371(87)90271-8
4.3,379.94,0.2285,Absolute Measurement of The Thermal Conductivity of Helium and Hydrogrn,10.1016/0378-4371(87)90271-8
5.35,379.76,0.2292,Absolute Measurement of The Thermal Conductivity of Helium and Hydrogrn,10.1016/0378-4371(87)90271-8
5.74,380,0.2299,Absolute Measurement of The Thermal Conductivity of Helium and Hydrogrn,10.1016/0378-4371(87)90271-8
6.02,379.92,0.2293,Absolute Measurement of The Thermal Conductivity of Helium and Hydrogrn,10.1016/0378-4371(87)90271-8
6.34,379.88,0.2295,Absolute Measurement of The Thermal Conductivity of Helium and Hydrogrn,10.1016/0378-4371(87)90271-8
7.3,379.82,0.2302,Absolute Measurement of The Thermal Conductivity of Helium and Hydrogrn,10.1016/0378-4371(87)90271-8
7.69,379.65,0.2305,Absolute Measurement of The Thermal Conductivity of Helium and Hydrogrn,10.1016/0378-4371(87)90271-8
8.03,379.71,0.2299,Absolute Measurement of The Thermal Conductivity of Helium and Hydrogrn,10.1016/0378-4371(87)90271-8
3.73,428.32,0.2478,Absolute Measurement of The Thermal Conductivity of Helium and Hydrogrn,10.1016/0378-4371(87)90271-8
4.07,428.33,0.2474,Absolute Measurement of The Thermal Conductivity of Helium and Hydrogrn,10.1016/0378-4371(87)90271-8
4.85,428.33,0.2478,Absolute Measurement of The Thermal Conductivity of Helium and Hydrogrn,10.1016/0378-4371(87)90271-8
5.28,428.34,0.2478,Absolute Measurement of The Thermal Conductivity of Helium and Hydrogrn,10.1016/0378-4371(87)90271-8
5.63,428.3,0.2481,Absolute Measurement of The Thermal Conductivity of Helium and Hydrogrn,10.1016/0378-4371(87)90271-8
6.03,428.32,0.248,Absolute Measurement of The Thermal Conductivity of Helium and Hydrogrn,10.1016/0378-4371(87)90271-8
7.21,428.58,0.2496,Absolute Measurement of The Thermal Conductivity of Helium and Hydrogrn,10.1016/0378-4371(87)90271-8
7.62,428.58,0.2503,Absolute Measurement of The Thermal Conductivity of Helium and Hydrogrn,10.1016/0378-4371(87)90271-8
8.11,428.69,0.2503,Absolute Measurement of The Thermal Conductivity of Helium and Hydrogrn,10.1016/0378-4371(87)90271-8
8.47,428.77,0.2513,Absolute Measurement of The Thermal Conductivity of Helium and Hydrogrn,10.1016/0378-4371(87)90271-8
8.86,428.78,0.2514,Absolute Measurement of The Thermal Conductivity of Helium and Hydrogrn,10.1016/0378-4371(87)90271-8
9.36,428.82,0.2506,Absolute Measurement of The Thermal Conductivity of Helium and Hydrogrn,10.1016/0378-4371(87)90271-8
9.89,428.83,0.2517,Absolute Measurement of The Thermal Conductivity of Helium and Hydrogrn,10.1016/0378-4371(87)90271-8
2,307.65,0.19356,Thermal Conductivity of Four Polyatomic Gases,10.1039/F19817700697
2.5,307.63,0.19372,Thermal Conductivity of Four Polyatomic Gases,10.1039/F19817700697
3.13,307.5,0.19429,Thermal Conductivity of Four Polyatomic Gases,10.1039/F19817700697
3.64,307.49,0.1945,Thermal Conductivity of Four Polyatomic Gases,10.1039/F19817700697
4.35,307.36,0.19511,Thermal Conductivity of Four Polyatomic Gases,10.1039/F19817700697
5.02,307.33,0.19528,Thermal Conductivity of Four Polyatomic Gases,10.1039/F19817700697
5.79,307.31,0.19597,Thermal Conductivity of Four Polyatomic Gases,10.1039/F19817700697
6.51,307.25,0.19667,Thermal Conductivity of Four Polyatomic Gases,10.1039/F19817700697
7.2,307.21,0.19694,Thermal Conductivity of Four Polyatomic Gases,10.1039/F19817700697
7.73,307.19,0.19749,Thermal Conductivity of Four Polyatomic Gases,10.1039/F19817700697
8.4,307.11,0.19774,Thermal Conductivity of Four Polyatomic Gases,10.1039/F19817700697
9.17,307.15,0.19825,Thermal Conductivity of Four Polyatomic Gases,10.1039/F19817700697
0.257,16.996,0.0975,Thermal Conductivity of Gaseous and Liquid Hydrogen,10.1063/1.1672877
1.094,16.981,0.101,Thermal Conductivity of Gaseous and Liquid Hydrogen,10.1063/1.1672877
2.27,16.985,0.0991,Thermal Conductivity of Gaseous and Liquid Hydrogen,10.1063/1.1672877
3.151,16.949,0.1,Thermal Conductivity of Gaseous and Liquid Hydrogen,10.1063/1.1672877
4.271,16.976,0.104,Thermal Conductivity of Gaseous and Liquid Hydrogen,10.1063/1.1672877
0.158,19.596,0.0985,Thermal Conductivity of Gaseous and Liquid Hydrogen,10.1063/1.1672877
0.983,19.593,0.101,Thermal Conductivity of Gaseous and Liquid Hydrogen,10.1063/1.1672877
1.885,19.597,0.1017,Thermal Conductivity of Gaseous and Liquid Hydrogen,10.1063/1.1672877
2.939,19.595,0.1045,Thermal Conductivity of Gaseous and Liquid Hydrogen,10.1063/1.1672877
4.003,19.59,0.1075,Thermal Conductivity of Gaseous and Liquid Hydrogen,10.1063/1.1672877
4.904,19.591,0.1101,Thermal Conductivity of Gaseous and Liquid Hydrogen,10.1063/1.1672877
5.715,19.591,0.1126,Thermal Conductivity of Gaseous and Liquid Hydrogen,10.1063/1.1672877
7.042,19.605,0.1135,Thermal Conductivity of Gaseous and Liquid Hydrogen,10.1063/1.1672877
8.035,19.634,0.1151,Thermal Conductivity of Gaseous and Liquid Hydrogen,10.1063/1.1672877
8.826,19.613,0.1162,Thermal Conductivity of Gaseous and Liquid Hydrogen,10.1063/1.1672877
9.069,19.672,0.117,Thermal Conductivity of Gaseous and Liquid Hydrogen,10.1063/1.1672877
0.083,21.373,0.0167,Thermal Conductivity of Gaseous and Liquid Hydrogen,10.1063/1.1672877
0.101,21.129,0.0167,Thermal Conductivity of Gaseous and Liquid Hydrogen,10.1063/1.1672877
0.507,22.204,0.1109,Thermal Conductivity of Gaseous and Liquid Hydrogen,10.1063/1.1672877
0.596,22.243,0.1026,Thermal Conductivity of Gaseous and Liquid Hydrogen,10.1063/1.1672877
1.317,22.273,0.1114,Thermal Conductivity of Gaseous and Liquid Hydrogen,10.1063/1.1672877
2.295,22.273,0.1131,Thermal Conductivity of Gaseous and Liquid Hydrogen,10.1063/1.1672877
3.182,22.286,0.1164,Thermal Conductivity of Gaseous and Liquid Hydrogen,10.1063/1.1672877
4.327,22.272,0.1218,Thermal Conductivity of Gaseous and Liquid Hydrogen,10.1063/1.1672877
6.08,22.251,0.1198,Thermal Conductivity of Gaseous and Liquid Hydrogen,10.1063/1.1672877
7.103,22.255,0.1228,Thermal Conductivity of Gaseous and Liquid Hydrogen,10.1063/1.1672877
8.177,22.26,0.1265,Thermal Conductivity of Gaseous and Liquid Hydrogen,10.1063/1.1672877
9.13,22.269,0.1266,Thermal Conductivity of Gaseous and Liquid Hydrogen,10.1063/1.1672877
0.709,27.38,0.098,Thermal Conductivity of Gaseous and Liquid Hydrogen,10.1063/1.1672877
1.13,27.382,0.1016,Thermal Conductivity of Gaseous and Liquid Hydrogen,10.1063/1.1672877
1.875,27.384,0.1045,Thermal Conductivity of Gaseous and Liquid Hydrogen,10.1063/1.1672877
2.665,27.368,0.1098,Thermal Conductivity of Gaseous and Liquid Hydrogen,10.1063/1.1672877
3.254,27.358,0.1109,Thermal Conductivity of Gaseous and Liquid Hydrogen,10.1063/1.1672877
3.724,27.35,0.1149,Thermal Conductivity of Gaseous and Liquid Hydrogen,10.1063/1.1672877
4.763,27.337,0.1178,Thermal Conductivity of Gaseous and Liquid Hydrogen,10.1063/1.1672877
0.118,29.724,0.024,Thermal Conductivity of Gaseous and Liquid Hydrogen,10.1063/1.1672877
0.93,29.989,0.0884,Thermal Conductivity of Gaseous and Liquid Hydrogen,10.1063/1.1672877
1.278,29.981,0.092,Thermal Conductivity of Gaseous and Liquid Hydrogen,10.1063/1.1672877
1.682,29.975,0.0956,Thermal Conductivity of Gaseous and Liquid Hydrogen,10.1063/1.1672877
2.29,29.998,0.1006,Thermal Conductivity of Gaseous and Liquid Hydrogen,10.1063/1.1672877
3.141,29.965,0.1066,Thermal Conductivity of Gaseous and Liquid Hydrogen,10.1063/1.1672877
4.139,29.971,0.1109,Thermal Conductivity of Gaseous and Liquid Hydrogen,10.1063/1.1672877
5.092,29.976,0.1168,Thermal Conductivity of Gaseous and Liquid Hydrogen,10.1063/1.1672877
0.085,40.354,0.0308,Thermal Conductivity of Gaseous and Liquid Hydrogen,10.1063/1.1672877
0.3,40.341,0.0319,Thermal Conductivity of Gaseous and Liquid Hydrogen,10.1063/1.1672877
0.614,40.324,0.0337,Thermal Conductivity of Gaseous and Liquid Hydrogen,10.1063/1.1672877
0.916,40.371,0.036,Thermal Conductivity of Gaseous and Liquid Hydrogen,10.1063/1.1672877
1.226,40.369,0.0385,Thermal Conductivity of Gaseous and Liquid Hydrogen,10.1063/1.1672877
1.5,40.35,0.0422,Thermal Conductivity of Gaseous and Liquid Hydrogen,10.1063/1.1672877
1.505,40.35,0.0427,Thermal Conductivity of Gaseous and Liquid Hydrogen,10.1063/1.1672877
1.842,40.363,0.0477,Thermal Conductivity of Gaseous and Liquid Hydrogen,10.1063/1.1672877
2.163,40.359,0.0545,Thermal Conductivity of Gaseous and Liquid Hydrogen,10.1063/1.1672877
2.462,40.311,0.0624,Thermal Conductivity of Gaseous and Liquid Hydrogen,10.1063/1.1672877
2.66,40.34,0.0671,Thermal Conductivity of Gaseous and Liquid Hydrogen,10.1063/1.1672877
2.847,40.356,0.0716,Thermal Conductivity of Gaseous and Liquid Hydrogen,10.1063/1.1672877
3.319,40.349,0.0782,Thermal Conductivity of Gaseous and Liquid Hydrogen,10.1063/1.1672877
3.724,40.333,0.0841,Thermal Conductivity of Gaseous and Liquid Hydrogen,10.1063/1.1672877
4.124,40.331,0.0875,Thermal Conductivity of Gaseous and Liquid Hydrogen,10.1063/1.1672877
4.631,40.315,0.0924,Thermal Conductivity of Gaseous and Liquid Hydrogen,10.1063/1.1672877
0.091,59.078,0.0425,Thermal Conductivity of Gaseous and Liquid Hydrogen,10.1063/1.1672877
0.559,59.065,0.0441,Thermal Conductivity of Gaseous and Liquid Hydrogen,10.1063/1.1672877
1.297,59.076,0.0465,Thermal Conductivity of Gaseous and Liquid Hydrogen,10.1063/1.1672877
2.027,59.111,0.0501,Thermal Conductivity of Gaseous and Liquid Hydrogen,10.1063/1.1672877
2.812,59.132,0.0542,Thermal Conductivity of Gaseous and Liquid Hydrogen,10.1063/1.1672877
3.648,59.136,0.0592,Thermal Conductivity of Gaseous and Liquid Hydrogen,10.1063/1.1672877
4.448,59.136,0.0645,Thermal Conductivity of Gaseous and Liquid Hydrogen,10.1063/1.1672877
5.289,59.129,0.0699,Thermal Conductivity of Gaseous and Liquid Hydrogen,10.1063/1.1672877
6.11,59.124,0.0752,Thermal Conductivity of Gaseous and Liquid Hydrogen,10.1063/1.1672877
6.921,59.112,0.0802,Thermal Conductivity of Gaseous and Liquid Hydrogen,10.1063/1.1672877
7.752,59.102,0.085,Thermal Conductivity of Gaseous and Liquid Hydrogen,10.1063/1.1672877
8.532,59.096,0.0893,Thermal Conductivity of Gaseous and Liquid Hydrogen,10.1063/1.1672877
9.272,59.102,0.0933,Thermal Conductivity of Gaseous and Liquid Hydrogen,10.1063/1.1672877
10.133,59.108,0.0975,Thermal Conductivity of Gaseous and Liquid Hydrogen,10.1063/1.1672877
10.944,59.11,0.1017,Thermal Conductivity of Gaseous and Liquid Hydrogen,10.1063/1.1672877
11.754,59.121,0.1054,Thermal Conductivity of Gaseous and Liquid Hydrogen,10.1063/1.1672877
0.105,79.967,0.0565,Thermal Conductivity of Gaseous and Liquid Hydrogen,10.1063/1.1672877
0.841,79.834,0.0586,Thermal Conductivity of Gaseous and Liquid Hydrogen,10.1063/1.1672877
1.511,79.815,0.0607,Thermal Conductivity of Gaseous and Liquid Hydrogen,10.1063/1.1672877
2.136,79.802,0.0626,Thermal Conductivity of Gaseous and Liquid Hydrogen,10.1063/1.1672877
2.888,79.82,0.0652,Thermal Conductivity of Gaseous and Liquid Hydrogen,10.1063/1.1672877
3.638,79.848,0.068,Thermal Conductivity of Gaseous and Liquid Hydrogen,10.1063/1.1672877
3.901,79.831,0.0689,Thermal Conductivity of Gaseous and Liquid Hydrogen,10.1063/1.1672877
0.152,99.939,0.0691,Thermal Conductivity of Gaseous and Liquid Hydrogen,10.1063/1.1672877
1.023,99.931,0.071,Thermal Conductivity of Gaseous and Liquid Hydrogen,10.1063/1.1672877
3.091,99.908,0.0759,Thermal Conductivity of Gaseous and Liquid Hydrogen,10.1063/1.1672877
4.955,99.886,0.0802,Thermal Conductivity of Gaseous and Liquid Hydrogen,10.1063/1.1672877
6.89,99.859,0.0854,Thermal Conductivity of Gaseous and Liquid Hydrogen,10.1063/1.1672877
9.231,99.826,0.0922,Thermal Conductivity of Gaseous and Liquid Hydrogen,10.1063/1.1672877
0.157,123.044,0.0854,Thermal Conductivity of Gaseous and Liquid Hydrogen,10.1063/1.1672877
1.079,123.036,0.087,Thermal Conductivity of Gaseous and Liquid Hydrogen,10.1063/1.1672877
3.05,123.038,0.0902,Thermal Conductivity of Gaseous and Liquid Hydrogen,10.1063/1.1672877
5.077,123.026,0.0943,Thermal Conductivity of Gaseous and Liquid Hydrogen,10.1063/1.1672877
7.042,123.002,0.0984,Thermal Conductivity of Gaseous and Liquid Hydrogen,10.1063/1.1672877
8.978,122.984,0.1029,Thermal Conductivity of Gaseous and Liquid Hydrogen,10.1063/1.1672877
0.137,153.017,0.1054,Thermal Conductivity of Gaseous and Liquid Hydrogen,10.1063/1.1672877
1.039,153.011,0.1067,Thermal Conductivity of Gaseous and Liquid Hydrogen,10.1063/1.1672877
3.05,153.009,0.1094,Thermal Conductivity of Gaseous and Liquid Hydrogen,10.1063/1.1672877
5.051,153,0.1128,Thermal Conductivity of Gaseous and Liquid Hydrogen,10.1063/1.1672877
7.093,152.99,0.1165,Thermal Conductivity of Gaseous and Liquid Hydrogen,10.1063/1.1672877
8.714,152.981,0.1197,Thermal Conductivity of Gaseous and Liquid Hydrogen,10.1063/1.1672877
0.132,198.039,0.1333,Thermal Conductivity of Gaseous and Liquid Hydrogen,10.1063/1.1672877
2.016,197.785,0.1363,Thermal Conductivity of Gaseous and Liquid Hydrogen,10.1063/1.1672877
3.871,197.983,0.139,Thermal Conductivity of Gaseous and Liquid Hydrogen,10.1063/1.1672877
6.08,197.958,0.1428,Thermal Conductivity of Gaseous and Liquid Hydrogen,10.1063/1.1672877
7.965,197.952,0.1461,Thermal Conductivity of Gaseous and Liquid Hydrogen,10.1063/1.1672877
9.829,197.951,0.1488,Thermal Conductivity of Gaseous and Liquid Hydrogen,10.1063/1.1672877
0.024,17.38,0.0141,Thermal Conductivity of Gaseous and Liquid Hydrogen,10.1063/1.1672877
0.314,17.071,0.0959,Thermal Conductivity of Gaseous and Liquid Hydrogen,10.1063/1.1672877
0.349,16.942,0.0942,Thermal Conductivity of Gaseous and Liquid Hydrogen,10.1063/1.1672877
2.189,16.966,0.0957,Thermal Conductivity of Gaseous and Liquid Hydrogen,10.1063/1.1672877
4.357,16.999,0.0991,Thermal Conductivity of Gaseous and Liquid Hydrogen,10.1063/1.1672877
6.222,16.963,0.102,Thermal Conductivity of Gaseous and Liquid Hydrogen,10.1063/1.1672877
8.248,16.954,0.1054,Thermal Conductivity of Gaseous and Liquid Hydrogen,10.1063/1.1672877
8.309,16.953,0.1049,Thermal Conductivity of Gaseous and Liquid Hydrogen,10.1063/1.1672877
9.586,16.949,0.1066,Thermal Conductivity of Gaseous and Liquid Hydrogen,10.1063/1.1672877
0.059,20.062,0.0157,Thermal Conductivity of Gaseous and Liquid Hydrogen,10.1063/1.1672877
0.23,19.522,0.0983,Thermal Conductivity of Gaseous and Liquid Hydrogen,10.1063/1.1672877
1.371,19.503,0.1001,Thermal Conductivity of Gaseous and Liquid Hydrogen,10.1063/1.1672877
3.121,19.511,0.1044,Thermal Conductivity of Gaseous and Liquid Hydrogen,10.1063/1.1672877
5.639,19.518,0.1102,Thermal Conductivity of Gaseous and Liquid Hydrogen,10.1063/1.1672877
8.238,19.506,0.1154,Thermal Conductivity of Gaseous and Liquid Hydrogen,10.1063/1.1672877
11.4,19.488,0.1183,Thermal Conductivity of Gaseous and Liquid Hydrogen,10.1063/1.1672877
0.379,22.001,0.1019,Thermal Conductivity of Gaseous and Liquid Hydrogen,10.1063/1.1672877
1.49,22.01,0.1045,Thermal Conductivity of Gaseous and Liquid Hydrogen,10.1063/1.1672877
2.361,21.993,0.1079,Thermal Conductivity of Gaseous and Liquid Hydrogen,10.1063/1.1672877
3.091,21.997,0.1097,Thermal Conductivity of Gaseous and Liquid Hydrogen,10.1063/1.1672877
4.134,21.988,0.1149,Thermal Conductivity of Gaseous and Liquid Hydrogen,10.1063/1.1672877
5.082,21.992,0.1155,Thermal Conductivity of Gaseous and Liquid Hydrogen,10.1063/1.1672877
6.222,21.985,0.1178,Thermal Conductivity of Gaseous and Liquid Hydrogen,10.1063/1.1672877
6.688,22.019,0.1173,Thermal Conductivity of Gaseous and Liquid Hydrogen,10.1063/1.1672877
7.61,22.01,0.1208,Thermal Conductivity of Gaseous and Liquid Hydrogen,10.1063/1.1672877
8.887,21.982,0.1256,Thermal Conductivity of Gaseous and Liquid Hydrogen,10.1063/1.1672877
8.978,21.984,0.1233,Thermal Conductivity of Gaseous and Liquid Hydrogen,10.1063/1.1672877
10.65,21.992,0.1285,Thermal Conductivity of Gaseous and Liquid Hydrogen,10.1063/1.1672877
0.091,25.471,0.0202,Thermal Conductivity of Gaseous and Liquid Hydrogen,10.1063/1.1672877
0.201,25.442,0.021,Thermal Conductivity of Gaseous and Liquid Hydrogen,10.1063/1.1672877
0.316,25.403,0.0223,Thermal Conductivity of Gaseous and Liquid Hydrogen,10.1063/1.1672877
0.432,24.888,0.1029,Thermal Conductivity of Gaseous and Liquid Hydrogen,10.1063/1.1672877
0.503,24.99,0.1013,Thermal Conductivity of Gaseous and Liquid Hydrogen,10.1063/1.1672877
1.393,24.982,0.1071,Thermal Conductivity of Gaseous and Liquid Hydrogen,10.1063/1.1672877
2.624,24.976,0.1106,Thermal Conductivity of Gaseous and Liquid Hydrogen,10.1063/1.1672877
4.256,25.02,0.117,Thermal Conductivity of Gaseous and Liquid Hydrogen,10.1063/1.1672877
5.928,24.978,0.1222,Thermal Conductivity of Gaseous and Liquid Hydrogen,10.1063/1.1672877
7.782,24.988,0.127,Thermal Conductivity of Gaseous and Liquid Hydrogen,10.1063/1.1672877
10.356,24.96,0.1334,Thermal Conductivity of Gaseous and Liquid Hydrogen,10.1063/1.1672877
0.09,29.982,0.0236,Thermal Conductivity of Gaseous and Liquid Hydrogen,10.1063/1.1672877
0.223,29.968,0.0243,Thermal Conductivity of Gaseous and Liquid Hydrogen,10.1063/1.1672877
0.486,29.923,0.0269,Thermal Conductivity of Gaseous and Liquid Hydrogen,10.1063/1.1672877
0.677,29.875,0.0301,Thermal Conductivity of Gaseous and Liquid Hydrogen,10.1063/1.1672877
1.194,30.026,0.0915,Thermal Conductivity of Gaseous and Liquid Hydrogen,10.1063/1.1672877
1.621,30.04,0.0948,Thermal Conductivity of Gaseous and Liquid Hydrogen,10.1063/1.1672877
2.234,30.045,0.0991,Thermal Conductivity of Gaseous and Liquid Hydrogen,10.1063/1.1672877
2.949,30.032,0.1046,Thermal Conductivity of Gaseous and Liquid Hydrogen,10.1063/1.1672877
3.901,30.038,0.1096,Thermal Conductivity of Gaseous and Liquid Hydrogen,10.1063/1.1672877
5.056,30.037,0.1144,Thermal Conductivity of Gaseous and Liquid Hydrogen,10.1063/1.1672877
6.445,30.04,0.1206,Thermal Conductivity of Gaseous and Liquid Hydrogen,10.1063/1.1672877
8.086,30.041,0.1262,Thermal Conductivity of Gaseous and Liquid Hydrogen,10.1063/1.1672877
10.082,30.043,0.1334,Thermal Conductivity of Gaseous and Liquid Hydrogen,10.1063/1.1672877
11.096,30.044,0.1358,Thermal Conductivity of Gaseous and Liquid Hydrogen,10.1063/1.1672877
0.087,40.231,0.0309,Thermal Conductivity of Gaseous and Liquid Hydrogen,10.1063/1.1672877
0.307,40.238,0.0319,Thermal Conductivity of Gaseous and Liquid Hydrogen,10.1063/1.1672877
0.606,40.245,0.0336,Thermal Conductivity of Gaseous and Liquid Hydrogen,10.1063/1.1672877
0.916,40.238,0.0357,Thermal Conductivity of Gaseous and Liquid Hydrogen,10.1063/1.1672877
1.22,40.252,0.0388,Thermal Conductivity of Gaseous and Liquid Hydrogen,10.1063/1.1672877
1.541,40.263,0.0428,Thermal Conductivity of Gaseous and Liquid Hydrogen,10.1063/1.1672877
1.864,40.262,0.0481,Thermal Conductivity of Gaseous and Liquid Hydrogen,10.1063/1.1672877
2.138,40.29,0.0541,Thermal Conductivity of Gaseous and Liquid Hydrogen,10.1063/1.1672877
2.413,40.274,0.0613,Thermal Conductivity of Gaseous and Liquid Hydrogen,10.1063/1.1672877
2.619,40.273,0.0658,Thermal Conductivity of Gaseous and Liquid Hydrogen,10.1063/1.1672877
2.822,40.27,0.0707,Thermal Conductivity of Gaseous and Liquid Hydrogen,10.1063/1.1672877
3.126,40.277,0.075,Thermal Conductivity of Gaseous and Liquid Hydrogen,10.1063/1.1672877
3.156,40.26,0.0769,Thermal Conductivity of Gaseous and Liquid Hydrogen,10.1063/1.1672877
3.455,40.263,0.0793,Thermal Conductivity of Gaseous and Liquid Hydrogen,10.1063/1.1672877
3.754,40.265,0.0829,Thermal Conductivity of Gaseous and Liquid Hydrogen,10.1063/1.1672877
4.225,40.263,0.0874,Thermal Conductivity of Gaseous and Liquid Hydrogen,10.1063/1.1672877
4.763,40.271,0.0916,Thermal Conductivity of Gaseous and Liquid Hydrogen,10.1063/1.1672877
5.522,40.267,0.0972,Thermal Conductivity of Gaseous and Liquid Hydrogen,10.1063/1.1672877
6.323,40.273,0.1023,Thermal Conductivity of Gaseous and Liquid Hydrogen,10.1063/1.1672877
7.144,40.278,0.1076,Thermal Conductivity of Gaseous and Liquid Hydrogen,10.1063/1.1672877
7.883,40.267,0.1143,Thermal Conductivity of Gaseous and Liquid Hydrogen,10.1063/1.1672877
8.664,40.255,0.1182,Thermal Conductivity of Gaseous and Liquid Hydrogen,10.1063/1.1672877
9.363,40.253,0.1202,Thermal Conductivity of Gaseous and Liquid Hydrogen,10.1063/1.1672877
9.778,39.706,0.1199,Thermal Conductivity of Gaseous and Liquid Hydrogen,10.1063/1.1672877
9.829,40.245,0.1264,Thermal Conductivity of Gaseous and Liquid Hydrogen,10.1063/1.1672877
11.146,39.965,0.1309,Thermal Conductivity of Gaseous and Liquid Hydrogen,10.1063/1.1672877
12.28,39.686,0.1383,Thermal Conductivity of Gaseous and Liquid Hydrogen,10.1063/1.1672877
14.186,39.677,0.1441,Thermal Conductivity of Gaseous and Liquid Hydrogen,10.1063/1.1672877
16.213,39.667,0.1506,Thermal Conductivity of Gaseous and Liquid Hydrogen,10.1063/1.1672877
18.401,39.661,0.1567,Thermal Conductivity of Gaseous and Liquid Hydrogen,10.1063/1.1672877
0.14,274.75,0.161084,The Thermal Conductivity of Hydrogen For Pressures up to 660 atm and Temperatures between 1.6 and 74.6°C,10.1016/0031-8914(66)90023-1
0.73,274.75,0.1765648,The Thermal Conductivity of Hydrogen For Pressures up to 660 atm and Temperatures between 1.6 and 74.6°C,10.1016/0031-8914(66)90023-1
1.93,274.75,0.173636,The Thermal Conductivity of Hydrogen For Pressures up to 660 atm and Temperatures between 1.6 and 74.6°C,10.1016/0031-8914(66)90023-1
3.78,274.75,0.1732176,The Thermal Conductivity of Hydrogen For Pressures up to 660 atm and Temperatures between 1.6 and 74.6°C,10.1016/0031-8914(66)90023-1
6.87,274.75,0.1782384,The Thermal Conductivity of Hydrogen For Pressures up to 660 atm and Temperatures between 1.6 and 74.6°C,10.1016/0031-8914(66)90023-1
8.57,274.75,0.182004,The Thermal Conductivity of Hydrogen For Pressures up to 660 atm and Temperatures between 1.6 and 74.6°C,10.1016/0031-8914(66)90023-1
10.49,274.75,0.18828,The Thermal Conductivity of Hydrogen For Pressures up to 660 atm and Temperatures between 1.6 and 74.6°C,10.1016/0031-8914(66)90023-1
14.31,274.75,0.1937192,The Thermal Conductivity of Hydrogen For Pressures up to 660 atm and Temperatures between 1.6 and 74.6°C,10.1016/0031-8914(66)90023-1
17.41,274.75,0.1953928,The Thermal Conductivity of Hydrogen For Pressures up to 660 atm and Temperatures between 1.6 and 74.6°C,10.1016/0031-8914(66)90023-1
20.13,274.75,0.1953928,The Thermal Conductivity of Hydrogen For Pressures up to 660 atm and Temperatures between 1.6 and 74.6°C,10.1016/0031-8914(66)90023-1
24.34,274.75,0.1999952,The Thermal Conductivity of Hydrogen For Pressures up to 660 atm and Temperatures between 1.6 and 74.6°C,10.1016/0031-8914(66)90023-1
25.39,274.75,0.200832,The Thermal Conductivity of Hydrogen For Pressures up to 660 atm and Temperatures between 1.6 and 74.6°C,10.1016/0031-8914(66)90023-1
27.87,274.75,0.2079448,The Thermal Conductivity of Hydrogen For Pressures up to 660 atm and Temperatures between 1.6 and 74.6°C,10.1016/0031-8914(66)90023-1
30.19,274.75,0.2025056,The Thermal Conductivity of Hydrogen For Pressures up to 660 atm and Temperatures between 1.6 and 74.6°C,10.1016/0031-8914(66)90023-1
30.61,274.75,0.2058528,The Thermal Conductivity of Hydrogen For Pressures up to 660 atm and Temperatures between 1.6 and 74.6°C,10.1016/0031-8914(66)90023-1
31.14,274.75,0.2054344,The Thermal Conductivity of Hydrogen For Pressures up to 660 atm and Temperatures between 1.6 and 74.6°C,10.1016/0031-8914(66)90023-1
31.55,274.75,0.2004136,The Thermal Conductivity of Hydrogen For Pressures up to 660 atm and Temperatures between 1.6 and 74.6°C,10.1016/0031-8914(66)90023-1
37.49,274.75,0.2058528,The Thermal Conductivity of Hydrogen For Pressures up to 660 atm and Temperatures between 1.6 and 74.6°C,10.1016/0031-8914(66)90023-1
46.54,274.75,0.2121288,The Thermal Conductivity of Hydrogen For Pressures up to 660 atm and Temperatures between 1.6 and 74.6°C,10.1016/0031-8914(66)90023-1
52.42,274.75,0.2225888,The Thermal Conductivity of Hydrogen For Pressures up to 660 atm and Temperatures between 1.6 and 74.6°C,10.1016/0031-8914(66)90023-1
55.69,274.75,0.2225888,The Thermal Conductivity of Hydrogen For Pressures up to 660 atm and Temperatures between 1.6 and 74.6°C,10.1016/0031-8914(66)90023-1
56.23,274.75,0.223844,The Thermal Conductivity of Hydrogen For Pressures up to 660 atm and Temperatures between 1.6 and 74.6°C,10.1016/0031-8914(66)90023-1
57.63,274.75,0.2230072,The Thermal Conductivity of Hydrogen For Pressures up to 660 atm and Temperatures between 1.6 and 74.6°C,10.1016/0031-8914(66)90023-1
3.54,298.15,0.1899536,The Thermal Conductivity of Hydrogen For Pressures up to 660 atm and Temperatures between 1.6 and 74.6°C,10.1016/0031-8914(66)90023-1
7.74,298.15,0.1953928,The Thermal Conductivity of Hydrogen For Pressures up to 660 atm and Temperatures between 1.6 and 74.6°C,10.1016/0031-8914(66)90023-1
14.4,298.15,0.1983216,The Thermal Conductivity of Hydrogen For Pressures up to 660 atm and Temperatures between 1.6 and 74.6°C,10.1016/0031-8914(66)90023-1
17.58,298.15,0.202924,The Thermal Conductivity of Hydrogen For Pressures up to 660 atm and Temperatures between 1.6 and 74.6°C,10.1016/0031-8914(66)90023-1
27.99,298.15,0.2087816,The Thermal Conductivity of Hydrogen For Pressures up to 660 atm and Temperatures between 1.6 and 74.6°C,10.1016/0031-8914(66)90023-1
29.93,298.15,0.211292,The Thermal Conductivity of Hydrogen For Pressures up to 660 atm and Temperatures between 1.6 and 74.6°C,10.1016/0031-8914(66)90023-1
31.38,298.15,0.2108736,The Thermal Conductivity of Hydrogen For Pressures up to 660 atm and Temperatures between 1.6 and 74.6°C,10.1016/0031-8914(66)90023-1
34.83,298.15,0.2150576,The Thermal Conductivity of Hydrogen For Pressures up to 660 atm and Temperatures between 1.6 and 74.6°C,10.1016/0031-8914(66)90023-1
38.55,298.15,0.2158944,The Thermal Conductivity of Hydrogen For Pressures up to 660 atm and Temperatures between 1.6 and 74.6°C,10.1016/0031-8914(66)90023-1
41.42,298.15,0.217568,The Thermal Conductivity of Hydrogen For Pressures up to 660 atm and Temperatures between 1.6 and 74.6°C,10.1016/0031-8914(66)90023-1
44.75,298.15,0.221752,The Thermal Conductivity of Hydrogen For Pressures up to 660 atm and Temperatures between 1.6 and 74.6°C,10.1016/0031-8914(66)90023-1
48.75,298.15,0.2255176,The Thermal Conductivity of Hydrogen For Pressures up to 660 atm and Temperatures between 1.6 and 74.6°C,10.1016/0031-8914(66)90023-1
51.47,298.15,0.2276096,The Thermal Conductivity of Hydrogen For Pressures up to 660 atm and Temperatures between 1.6 and 74.6°C,10.1016/0031-8914(66)90023-1
58.44,298.15,0.2351408,The Thermal Conductivity of Hydrogen For Pressures up to 660 atm and Temperatures between 1.6 and 74.6°C,10.1016/0031-8914(66)90023-1
65.59,298.15,0.2418352,The Thermal Conductivity of Hydrogen For Pressures up to 660 atm and Temperatures between 1.6 and 74.6°C,10.1016/0031-8914(66)90023-1
7.27,323.35,0.2016688,The Thermal Conductivity of Hydrogen For Pressures up to 660 atm and Temperatures between 1.6 and 74.6°C,10.1016/0031-8914(66)90023-1
10.83,323.35,0.2066896,The Thermal Conductivity of Hydrogen For Pressures up to 660 atm and Temperatures between 1.6 and 74.6°C,10.1016/0031-8914(66)90023-1
14.01,323.35,0.2104552,The Thermal Conductivity of Hydrogen For Pressures up to 660 atm and Temperatures between 1.6 and 74.6°C,10.1016/0031-8914(66)90023-1
17.46,323.35,0.2121288,The Thermal Conductivity of Hydrogen For Pressures up to 660 atm and Temperatures between 1.6 and 74.6°C,10.1016/0031-8914(66)90023-1
26.31,323.35,0.2150576,The Thermal Conductivity of Hydrogen For Pressures up to 660 atm and Temperatures between 1.6 and 74.6°C,10.1016/0031-8914(66)90023-1
34.76,323.35,0.2188232,The Thermal Conductivity of Hydrogen For Pressures up to 660 atm and Temperatures between 1.6 and 74.6°C,10.1016/0031-8914(66)90023-1
54.7,323.35,0.2297016,The Thermal Conductivity of Hydrogen For Pressures up to 660 atm and Temperatures between 1.6 and 74.6°C,10.1016/0031-8914(66)90023-1
61.61,323.35,0.2338856,The Thermal Conductivity of Hydrogen For Pressures up to 660 atm and Temperatures between 1.6 and 74.6°C,10.1016/0031-8914(66)90023-1
66.06,323.35,0.2430904,The Thermal Conductivity of Hydrogen For Pressures up to 660 atm and Temperatures between 1.6 and 74.6°C,10.1016/0031-8914(66)90023-1
0.12,347.75,0.1941376,The Thermal Conductivity of Hydrogen For Pressures up to 660 atm and Temperatures between 1.6 and 74.6°C,10.1016/0031-8914(66)90023-1
3.72,347.75,0.2200784,The Thermal Conductivity of Hydrogen For Pressures up to 660 atm and Temperatures between 1.6 and 74.6°C,10.1016/0031-8914(66)90023-1
6.87,347.75,0.2188232,The Thermal Conductivity of Hydrogen For Pressures up to 660 atm and Temperatures between 1.6 and 74.6°C,10.1016/0031-8914(66)90023-1
10.64,347.75,0.2188232,The Thermal Conductivity of Hydrogen For Pressures up to 660 atm and Temperatures between 1.6 and 74.6°C,10.1016/0031-8914(66)90023-1
14.13,347.75,0.2234256,The Thermal Conductivity of Hydrogen For Pressures up to 660 atm and Temperatures between 1.6 and 74.6°C,10.1016/0031-8914(66)90023-1
20.98,347.75,0.2288648,The Thermal Conductivity of Hydrogen For Pressures up to 660 atm and Temperatures between 1.6 and 74.6°C,10.1016/0031-8914(66)90023-1
27.33,347.75,0.2313752,The Thermal Conductivity of Hydrogen For Pressures up to 660 atm and Temperatures between 1.6 and 74.6°C,10.1016/0031-8914(66)90023-1
34.44,347.75,0.2330488,The Thermal Conductivity of Hydrogen For Pressures up to 660 atm and Temperatures between 1.6 and 74.6°C,10.1016/0031-8914(66)90023-1
40.29,347.75,0.2338856,The Thermal Conductivity of Hydrogen For Pressures up to 660 atm and Temperatures between 1.6 and 74.6°C,10.1016/0031-8914(66)90023-1
48.02,347.75,0.2372328,The Thermal Conductivity of Hydrogen For Pressures up to 660 atm and Temperatures between 1.6 and 74.6°C,10.1016/0031-8914(66)90023-1
61.3,347.75,0.2409984,The Thermal Conductivity of Hydrogen For Pressures up to 660 atm and Temperatures between 1.6 and 74.6°C,10.1016/0031-8914(66)90023-1
